{
  "steps": 500,
  "laps": 2,
  "particles": 500,
  "methods": [
    "slam"
  ],
  "wall_time_s": 43.6,
  "slam": {
    "rmse": 0.49714361674495755,
    "final_error": 0.21602209407516856,
    "rmse_lap1": 0.49754753710913563,
    "rmse_lap2": 0.21602209407516856
  },
  "field_rmse": {
    "u": 0.6715870132705878,
    "v": 0.5467445801179002,
    "h": 3.984841290080242,
    "h_field_std": 4.216708735227964,
    "n_cells": 219
  },
  "efficiency": {
    "train_steps_gated": 3680,
    "train_steps_all_leaves": 4000,
    "saving_factor": 1.09,
    "mean_active_leaves": 1.0,
    "final_leaves": 1
  }
}